参数编号,CoE Index,参数名称,类型,位宽,访问,PDO映射,默认值,所属组,示波器推荐通道
P0-00,0x2000,DRV's Parameter  P0-00,UINT,16,ro,T,-,P0,—
P0-01,0x2001,DRV's Parameter  P0-01,UINT,16,rw,RT,-,P0,—
P0-02,0x2002,DRV's Parameter  P0-02,UINT,16,rw,RT,-,P0,—
P0-03,0x2003,DRV's Parameter  P0-03,UINT,16,rw,RT,-,P0,—
P0-04,0x2004,DRV's Parameter  P0-04,UDINT,32,rw,RT,-,P0,—
P0-05,0x2005,DRV's Parameter  P0-05,UDINT,32,rw,RT,-,P0,—
P0-06,0x2006,DRV's Parameter  P0-06,UDINT,32,rw,RT,-,P0,—
P0-07,0x2007,DRV's Parameter  P0-07,UDINT,32,rw,RT,-,P0,—
P0-08,0x2008,DRV's Parameter  P0-08,UDINT,32,ro,T,-,P0,—
P0-09,0x2009,DRV's Parameter  P0-09,UDINT,32,ro,T,-,P0,—
P0-10,0x200A,DRV's Parameter  P0-10,UDINT,32,ro,T,-,P0,—
P0-11,0x200B,DRV's Parameter  P0-11,UDINT,32,ro,T,-,P0,—
P0-12,0x200C,DRV's Parameter  P0-12,UDINT,32,ro,T,-,P0,—
P0-13,0x200D,DRV's Parameter  P0-13,UDINT,32,ro,T,-,P0,—
P0-14,0x200E,DRV's Parameter  P0-14,UINT,16,ro,T,-,P0,—
P0-15,0x200F,DRV's Parameter  P0-15,UINT,16,ro,T,-,P0,—
P0-16,0x2010,DRV's Parameter  P0-16,UINT,16,ro,T,-,P0,—
P0-17,0x2011,DRV's Parameter  P0-17,UINT,16,rw,RT,-,P0,—
P0-18,0x2012,DRV's Parameter  P0-18,UINT,16,rw,RT,-,P0,—
P0-19,0x2013,DRV's Parameter  P0-19,UINT,16,rw,RT,-,P0,—
P0-20,0x2014,DRV's Parameter  P0-20,UINT,16,rw,RT,-,P0,—
P0-21,0x2015,DRV's Parameter  P0-21,UINT,16,rw,RT,-,P0,—
P0-22,0x2016,DRV's Parameter  P0-22,UINT,16,ro,T,-,P0,—
P0-23,0x2017,DRV's Parameter  P0-23,UINT,16,ro,T,-,P0,—
P0-24,0x2018,DRV's Parameter  P0-24,UINT,16,ro,T,-,P0,—
P0-25,0x2019,DRV's Parameter  P0-25,UDINT,32,rw,RT,-,P0,—
P0-26,0x201A,DRV's Parameter  P0-26,UDINT,32,rw,RT,-,P0,—
P0-27,0x201B,DRV's Parameter  P0-27,UDINT,32,rw,RT,-,P0,—
P0-28,0x201C,DRV's Parameter  P0-28,UDINT,32,rw,RT,-,P0,—
P0-29,0x201D,DRV's Parameter  P0-29,UDINT,32,rw,RT,-,P0,—
P0-30,0x201E,DRV's Parameter  P0-30,UDINT,32,rw,RT,-,P0,—
P0-31,0x201F,DRV's Parameter  P0-31,UDINT,32,rw,RT,-,P0,—
P0-32,0x2020,DRV's Parameter  P0-32,UDINT,32,rw,RT,-,P0,—
P0-33,0x2021,DRV's Parameter  P0-33,UINT,16,ro,T,-,P0,—
P0-34,0x2022,DRV's Parameter  P0-34,UINT,16,ro,T,-,P0,—
P0-35,0x2023,DRV's Parameter  P0-35,UDINT,32,rw,RT,-,P0,—
P0-36,0x2024,DRV's Parameter  P0-36,UDINT,32,rw,RT,-,P0,—
P0-37,0x2025,DRV's Parameter  P0-37,UDINT,32,rw,RT,-,P0,—
P0-38,0x2026,DRV's Parameter  P0-38,UDINT,32,rw,RT,-,P0,—
P0-39,0x2027,DRV's Parameter  P0-39,UDINT,32,rw,RT,-,P0,—
P0-40,0x2028,DRV's Parameter  P0-40,UDINT,32,rw,RT,-,P0,—
P0-41,0x2029,DRV's Parameter  P0-41,UDINT,32,rw,RT,-,P0,—
P0-42,0x202A,DRV's Parameter  P0-42,UDINT,32,rw,RT,-,P0,—
P0-43,0x202B,DRV's Parameter  P0-43,UINT,16,ro,T,-,P0,—
P0-44,0x202C,DRV's Parameter  P0-44,UDINT,32,ro,T,-,P0,—
P0-45,0x202D,DRV's Parameter  P0-45,UINT,16,rw,RT,-,P0,—
P0-46,0x202E,DRV's Parameter  P0-46,UINT,16,ro,T,-,P0,—
P0-47,0x202F,DRV's Parameter  P0-47,UINT,16,ro,T,-,P0,—
P0-48,0x2030,DRV's Parameter  P0-48,UINT,16,ro,T,-,P0,—
P0-49,0x2031,DRV's Parameter  P0-49,UINT,16,rw,RT,-,P0,—
P0-50,0x2032,DRV's Parameter  P0-50,UINT,16,ro,T,-,P0,—
P0-51,0x2033,DRV's Parameter  P0-51,UDINT,32,ro,T,-,P0,—
P0-52,0x2034,DRV's Parameter  P0-52,UDINT,32,ro,T,-,P0,—
P0-53,0x2035,DRV's Parameter  P0-53,UINT,16,ro,T,-,P0,—
P0-54,0x2036,DRV's Parameter  P0-54,UDINT,32,ro,T,-,P0,—
P0-55,0x2037,DRV's Parameter  P0-55,UDINT,32,ro,T,-,P0,—
P0-56,0x2038,DRV's Parameter  P0-56,UDINT,32,ro,T,-,P0,—
P0-57,0x2039,DRV's Parameter  P0-57,UDINT,32,ro,T,-,P0,—
P0-58,0x203A,DRV's Parameter  P0-58,UDINT,32,ro,T,-,P0,—
P0-59,0x203B,DRV's Parameter  P0-59,UDINT,32,ro,T,-,P0,—
P0-60,0x203C,DRV's Parameter  P0-60,UDINT,32,ro,T,-,P0,—
P0-61,0x203D,DRV's Parameter  P0-61,UDINT,32,ro,T,-,P0,—
P0-62,0x203E,DRV's Parameter  P0-62,UINT,16,ro,T,-,P0,—
P0-63,0x203F,DRV's Parameter  P0-63,UDINT,32,ro,T,-,P0,—
P0-64,0x2040,DRV's Parameter  P0-64,UINT,16,ro,T,-,P0,—
P0-65,0x2041,DRV's Parameter  P0-65,UDINT,32,ro,T,-,P0,—
P0-66,0x2042,DRV's Parameter  P0-66,UDINT,32,ro,T,-,P0,—
P0-67,0x2043,DRV's Parameter  P0-67,UDINT,32,ro,T,-,P0,—
P0-68,0x2044,DRV's Parameter  P0-68,UDINT,32,ro,T,-,P0,—
P0-69,0x2045,DRV's Parameter  P0-69,UDINT,32,ro,T,-,P0,—
P0-70,0x2046,DRV's Parameter  P0-70,UDINT,32,ro,T,-,P0,—
P0-71,0x2047,DRV's Parameter  P0-71,UDINT,32,ro,T,-,P0,—
P0-72,0x2048,DRV's Parameter  P0-72,UDINT,32,ro,T,-,P0,—
P0-73,0x2049,DRV's Parameter  P0-73,UDINT,32,ro,T,-,P0,—
P0-74,0x204A,DRV's Parameter  P0-74,UDINT,32,ro,T,-,P0,—
P0-75,0x204B,DRV's Parameter  P0-75,UDINT,32,ro,T,-,P0,—
P0-76,0x204C,DRV's Parameter  P0-76,UDINT,32,ro,T,-,P0,—
P1-00,0x2100,DRV's Parameter  P1-00,UINT,16,rw,RT,-,P1,—
P1-01,0x2101,DRV's Parameter  P1-01,UINT,16,rw,RT,-,P1,—
P1-02,0x2102,DRV's Parameter  P1-02,UINT,16,rw,RT,-,P1,—
P1-03,0x2103,DRV's Parameter  P1-03,UINT,16,rw,RT,-,P1,—
P1-04,0x2104,DRV's Parameter  P1-04,UINT,16,rw,RT,-,P1,—
P1-05,0x2105,DRV's Parameter  P1-05,UINT,16,rw,RT,-,P1,—
P1-06,0x2106,DRV's Parameter  P1-06,UINT,16,rw,RT,-,P1,—
P1-07,0x2107,DRV's Parameter  P1-07,UINT,16,rw,RT,-,P1,—
P1-08,0x2108,DRV's Parameter  P1-08,UINT,16,rw,RT,-,P1,—
P1-09,0x2109,DRV's Parameter  P1-09,UDINT,32,rw,RT,-,P1,—
P1-10,0x210A,DRV's Parameter  P1-10,UDINT,32,rw,RT,-,P1,—
P1-11,0x210B,DRV's Parameter  P1-11,UDINT,32,rw,RT,-,P1,—
P1-12,0x210C,DRV's Parameter  P1-12,UINT,16,rw,RT,-,P1,—
P1-13,0x210D,DRV's Parameter  P1-13,UINT,16,rw,RT,-,P1,—
P1-14,0x210E,DRV's Parameter  P1-14,UINT,16,rw,RT,-,P1,—
P1-15,0x210F,DRV's Parameter  P1-15,UINT,16,ro,T,-,P1,—
P1-16,0x2110,DRV's Parameter  P1-16,UINT,16,ro,T,-,P1,—
P1-17,0x2111,DRV's Parameter  P1-17,UINT,16,rw,RT,-,P1,—
P1-18,0x2112,DRV's Parameter  P1-18,UINT,16,ro,T,-,P1,—
P1-19,0x2113,DRV's Parameter  P1-19,UINT,16,ro,T,-,P1,—
P1-20,0x2114,DRV's Parameter  P1-20,UDINT,32,ro,T,-,P1,—
P1-21,0x2115,DRV's Parameter  P1-21,UINT,16,ro,T,-,P1,—
P1-22,0x2116,DRV's Parameter  P1-22,UINT,16,ro,T,-,P1,—
P1-23,0x2117,DRV's Parameter  P1-23,UDINT,32,ro,T,-,P1,—
P1-24,0x2118,DRV's Parameter  P1-24,UINT,16,ro,T,-,P1,—
P1-25,0x2119,DRV's Parameter  P1-25,UINT,16,rw,RT,-,P1,—
P1-26,0x211A,DRV's Parameter  P1-26,UINT,16,rw,RT,-,P1,—
P1-27,0x211B,DRV's Parameter  P1-27,UINT,16,rw,RT,-,P1,—
P1-28,0x211C,DRV's Parameter  P1-28,UINT,16,rw,RT,-,P1,—
P1-29,0x211D,DRV's Parameter  P1-29,UINT,16,rw,RT,-,P1,—
P1-30,0x211E,DRV's Parameter  P1-30,UDINT,32,rw,RT,-,P1,—
P1-31,0x211F,DRV's Parameter  P1-31,UINT,16,rw,RT,-,P1,—
P1-32,0x2120,DRV's Parameter  P1-32,UINT,16,rw,RT,-,P1,—
P1-33,0x2121,DRV's Parameter  P1-33,UINT,16,ro,T,-,P1,—
P1-34,0x2122,DRV's Parameter  P1-34,UINT,16,rw,RT,-,P1,—
P1-35,0x2123,DRV's Parameter  P1-35,UINT,16,rw,RT,-,P1,—
P1-36,0x2124,DRV's Parameter  P1-36,UINT,16,rw,RT,-,P1,—
P1-37,0x2125,DRV's Parameter  P1-37,UDINT,32,rw,RT,-,P1,—
P1-38,0x2126,DRV's Parameter  P1-38,UINT,16,rw,RT,-,P1,—
P1-39,0x2127,DRV's Parameter  P1-39,UINT,16,rw,RT,-,P1,—
P1-40,0x2128,DRV's Parameter  P1-40,UDINT,32,rw,RT,-,P1,—
P1-41,0x2129,DRV's Parameter  P1-41,UINT,16,rw,RT,-,P1,—
P1-42,0x212A,DRV's Parameter  P1-42,UINT,16,rw,RT,-,P1,—
P1-43,0x212B,DRV's Parameter  P1-43,UINT,16,rw,RT,-,P1,—
P1-44,0x212C,DRV's Parameter  P1-44,UDINT,32,rw,RT,-,P1,—
P1-45,0x212D,DRV's Parameter  P1-45,UDINT,32,rw,RT,-,P1,—
P1-46,0x212E,DRV's Parameter  P1-46,UDINT,32,rw,RT,-,P1,—
P1-47,0x212F,DRV's Parameter  P1-47,UINT,16,rw,RT,-,P1,—
P1-48,0x2130,DRV's Parameter  P1-48,UINT,16,rw,RT,-,P1,—
P1-49,0x2131,DRV's Parameter  P1-49,UINT,16,rw,RT,-,P1,—
P1-50,0x2132,DRV's Parameter  P1-50,UINT,16,ro,T,-,P1,—
P1-51,0x2133,DRV's Parameter  P1-51,UINT,16,ro,T,-,P1,—
P1-52,0x2134,DRV's Parameter  P1-52,UINT,16,rw,RT,-,P1,—
P1-53,0x2135,DRV's Parameter  P1-53,UINT,16,rw,RT,-,P1,—
P1-54,0x2136,DRV's Parameter  P1-54,UDINT,32,rw,RT,-,P1,—
P1-55,0x2137,DRV's Parameter  P1-55,UINT,16,rw,RT,-,P1,—
P1-56,0x2138,DRV's Parameter  P1-56,UINT,16,rw,RT,-,P1,—
P1-57,0x2139,DRV's Parameter  P1-57,UINT,16,rw,RT,-,P1,—
P1-58,0x213A,DRV's Parameter  P1-58,UINT,16,rw,RT,-,P1,—
P1-59,0x213B,DRV's Parameter  P1-59,UINT,16,rw,RT,-,P1,—
P1-60,0x213C,DRV's Parameter  P1-60,UINT,16,rw,RT,-,P1,—
P1-61,0x213D,DRV's Parameter  P1-61,UINT,16,ro,T,-,P1,—
P1-62,0x213E,DRV's Parameter  P1-62,UINT,16,rw,RT,-,P1,—
P1-63,0x213F,DRV's Parameter  P1-63,UINT,16,rw,RT,-,P1,—
P1-64,0x2140,DRV's Parameter  P1-64,UINT,16,rw,RT,-,P1,—
P1-65,0x2141,DRV's Parameter  P1-65,UINT,16,rw,RT,-,P1,—
P1-66,0x2142,DRV's Parameter  P1-66,UINT,16,rw,RT,-,P1,—
P1-67,0x2143,DRV's Parameter  P1-67,UINT,16,ro,T,-,P1,—
P1-68,0x2144,DRV's Parameter  P1-68,UINT,16,rw,RT,-,P1,—
P1-69,0x2145,DRV's Parameter  P1-69,UINT,16,ro,T,-,P1,—
P1-70,0x2146,DRV's Parameter  P1-70,UINT,16,ro,T,-,P1,—
P1-71,0x2147,DRV's Parameter  P1-71,UINT,16,ro,T,-,P1,—
P1-72,0x2148,DRV's Parameter  P1-72,UDINT,32,rw,RT,-,P1,—
P1-73,0x2149,DRV's Parameter  P1-73,UDINT,32,rw,RT,-,P1,—
P1-74,0x214A,DRV's Parameter  P1-74,UINT,16,rw,RT,-,P1,—
P1-75,0x214B,DRV's Parameter  P1-75,UINT,16,rw,RT,-,P1,—
P1-76,0x214C,DRV's Parameter  P1-76,UINT,16,rw,RT,-,P1,—
P1-77,0x214D,DRV's Parameter  P1-77,UINT,16,rw,RT,-,P1,—
P1-78,0x214E,DRV's Parameter  P1-78,UINT,16,rw,RT,-,P1,—
P1-79,0x214F,DRV's Parameter  P1-79,UINT,16,rw,RT,-,P1,—
P1-80,0x2150,DRV's Parameter  P1-80,UINT,16,rw,RT,-,P1,—
P1-81,0x2151,DRV's Parameter  P1-81,UDINT,32,rw,RT,-,P1,—
P1-82,0x2152,DRV's Parameter  P1-82,UINT,16,rw,RT,-,P1,—
P1-83,0x2153,DRV's Parameter  P1-83,UINT,16,rw,RT,-,P1,—
P1-84,0x2154,DRV's Parameter  P1-84,UINT,16,rw,RT,-,P1,—
P1-85,0x2155,DRV's Parameter  P1-85,UINT,16,rw,RT,-,P1,—
P1-86,0x2156,DRV's Parameter  P1-86,UINT,16,rw,RT,-,P1,—
P1-87,0x2157,DRV's Parameter  P1-87,UINT,16,rw,RT,-,P1,—
P1-88,0x2158,DRV's Parameter  P1-88,UINT,16,rw,RT,-,P1,—
P1-89,0x2159,DRV's Parameter  P1-89,UINT,16,rw,RT,-,P1,—
P1-90,0x215A,DRV's Parameter  P1-90,UINT,16,rw,RT,-,P1,—
P1-91,0x215B,DRV's Parameter  P1-91,UINT,16,rw,RT,-,P1,—
P1-92,0x215C,DRV's Parameter  P1-92,UINT,16,rw,RT,-,P1,—
P1-93,0x215D,DRV's Parameter  P1-93,UINT,16,rw,RT,-,P1,—
P1-94,0x215E,DRV's Parameter  P1-94,UINT,16,rw,RT,-,P1,—
P1-95,0x215F,DRV's Parameter  P1-95,UINT,16,rw,RT,-,P1,—
P1-96,0x2160,DRV's Parameter  P1-96,UINT,16,rw,RT,-,P1,—
P1-97,0x2161,DRV's Parameter  P1-97,UDINT,32,rw,RT,-,P1,—
P1-98,0x2162,DRV's Parameter  P1-98,UINT,16,rw,RT,-,P1,—
P1-99,0x2163,DRV's Parameter  P1-99,UINT,16,rw,RT,-,P1,—
P1-100,0x2164,DRV's Parameter  P1-100,UINT,16,rw,RT,-,P1,—
P1-101,0x2165,DRV's Parameter  P1-101,UINT,16,rw,RT,-,P1,—
P1-102,0x2166,DRV's Parameter  P1-102,UINT,16,rw,RT,-,P1,—
P1-103,0x2167,DRV's Parameter  P1-103,UINT,16,rw,RT,-,P1,—
P1-104,0x2168,DRV's Parameter  P1-104,UINT,16,rw,RT,-,P1,—
P1-105,0x2169,DRV's Parameter  P1-105,UINT,16,rw,RT,-,P1,—
P1-106,0x216A,DRV's Parameter  P1-106,UINT,16,rw,RT,-,P1,—
P1-107,0x216B,DRV's Parameter  P1-107,UINT,16,rw,RT,-,P1,—
P1-108,0x216C,DRV's Parameter  P1-108,UINT,16,rw,RT,-,P1,—
P1-109,0x216D,DRV's Parameter  P1-109,UINT,16,rw,RT,-,P1,—
P1-110,0x216E,DRV's Parameter  P1-110,UINT,16,rw,RT,-,P1,—
P1-111,0x216F,DRV's Parameter  P1-111,UDINT,32,rw,RT,-,P1,—
P1-112,0x2170,DRV's Parameter  P1-112,UINT,16,rw,RT,-,P1,—
P2-00,0x2200,DRV's Parameter  P2-00,UINT,16,rw,RT,-,P2,—
P2-01,0x2201,DRV's Parameter  P2-01,UINT,16,rw,RT,-,P2,—
P2-02,0x2202,DRV's Parameter  P2-02,UINT,16,rw,RT,-,P2,—
P2-03,0x2203,DRV's Parameter  P2-03,UINT,16,rw,RT,-,P2,—
P2-04,0x2204,DRV's Parameter  P2-04,UINT,16,rw,RT,-,P2,—
P2-05,0x2205,DRV's Parameter  P2-05,UINT,16,rw,RT,-,P2,—
P2-06,0x2206,DRV's Parameter  P2-06,UINT,16,rw,RT,-,P2,—
P2-07,0x2207,DRV's Parameter  P2-07,UINT,16,rw,RT,-,P2,—
P2-08,0x2208,DRV's Parameter  P2-08,UINT,16,rw,RT,-,P2,—
P2-09,0x2209,DRV's Parameter  P2-09,UINT,16,rw,RT,-,P2,—
P2-10,0x220A,DRV's Parameter  P2-10,UINT,16,rw,RT,-,P2,—
P2-11,0x220B,DRV's Parameter  P2-11,UINT,16,rw,RT,-,P2,—
P2-12,0x220C,DRV's Parameter  P2-12,UINT,16,rw,RT,-,P2,—
P2-13,0x220D,DRV's Parameter  P2-13,UINT,16,rw,RT,-,P2,—
P2-14,0x220E,DRV's Parameter  P2-14,UINT,16,rw,RT,-,P2,—
P2-15,0x220F,DRV's Parameter  P2-15,UINT,16,rw,RT,-,P2,—
P2-16,0x2210,DRV's Parameter  P2-16,UINT,16,rw,RT,-,P2,—
P2-17,0x2211,DRV's Parameter  P2-17,UINT,16,rw,RT,-,P2,—
P2-18,0x2212,DRV's Parameter  P2-18,UINT,16,rw,RT,-,P2,—
P2-19,0x2213,DRV's Parameter  P2-19,UINT,16,rw,RT,-,P2,—
P2-20,0x2214,DRV's Parameter  P2-20,UINT,16,rw,RT,-,P2,—
P2-21,0x2215,DRV's Parameter  P2-21,UINT,16,rw,RT,-,P2,—
P2-22,0x2216,DRV's Parameter  P2-22,UINT,16,rw,RT,-,P2,—
P2-23,0x2217,DRV's Parameter  P2-23,UINT,16,rw,RT,-,P2,—
P2-24,0x2218,DRV's Parameter  P2-24,UINT,16,rw,RT,-,P2,—
P2-25,0x2219,DRV's Parameter  P2-25,UINT,16,rw,RT,-,P2,—
P2-26,0x221A,DRV's Parameter  P2-26,UINT,16,rw,RT,-,P2,—
P2-27,0x221B,DRV's Parameter  P2-27,UINT,16,rw,RT,-,P2,—
P2-28,0x221C,DRV's Parameter  P2-28,UINT,16,rw,RT,-,P2,—
P2-29,0x221D,DRV's Parameter  P2-29,UDINT,32,rw,RT,-,P2,—
P2-30,0x221E,DRV's Parameter  P2-30,UINT,16,rw,RT,-,P2,—
P2-31,0x221F,DRV's Parameter  P2-31,UINT,16,rw,RT,-,P2,—
P2-32,0x2220,DRV's Parameter  P2-32,UINT,16,rw,RT,-,P2,—
P2-33,0x2221,DRV's Parameter  P2-33,UINT,16,rw,RT,-,P2,—
P2-34,0x2222,DRV's Parameter  P2-34,UINT,16,rw,RT,-,P2,—
P2-35,0x2223,DRV's Parameter  P2-35,UDINT,32,rw,RT,-,P2,—
P2-36,0x2224,DRV's Parameter  P2-36,UINT,16,rw,RT,-,P2,—
P2-37,0x2225,DRV's Parameter  P2-37,UINT,16,rw,RT,-,P2,—
P2-38,0x2226,DRV's Parameter  P2-38,UINT,16,rw,RT,-,P2,—
P2-39,0x2227,DRV's Parameter  P2-39,UINT,16,rw,RT,-,P2,—
P2-40,0x2228,DRV's Parameter  P2-40,UINT,16,rw,RT,-,P2,—
P2-41,0x2229,DRV's Parameter  P2-41,UINT,16,rw,RT,-,P2,—
P2-42,0x222A,DRV's Parameter  P2-42,UINT,16,ro,T,-,P2,—
P2-43,0x222B,DRV's Parameter  P2-43,UINT,16,rw,RT,-,P2,—
P2-44,0x222C,DRV's Parameter  P2-44,UINT,16,rw,RT,-,P2,—
P2-45,0x222D,DRV's Parameter  P2-45,UINT,16,rw,RT,-,P2,—
P2-46,0x222E,DRV's Parameter  P2-46,UINT,16,rw,RT,-,P2,—
P2-47,0x222F,DRV's Parameter  P2-47,UINT,16,rw,RT,-,P2,—
P2-48,0x2230,DRV's Parameter  P2-48,UINT,16,rw,RT,-,P2,—
P2-49,0x2231,DRV's Parameter  P2-49,UINT,16,rw,RT,-,P2,—
P2-50,0x2232,DRV's Parameter  P2-50,UINT,16,rw,RT,-,P2,—
P2-51,0x2233,DRV's Parameter  P2-51,UINT,16,ro,T,-,P2,—
P2-52,0x2234,DRV's Parameter  P2-52,UDINT,32,ro,T,-,P2,—
P2-53,0x2235,DRV's Parameter  P2-53,UINT,16,rw,RT,-,P2,—
P2-54,0x2236,DRV's Parameter  P2-54,UINT,16,rw,RT,-,P2,—
P2-55,0x2237,DRV's Parameter  P2-55,UINT,16,rw,RT,-,P2,—
P2-56,0x2238,DRV's Parameter  P2-56,UINT,16,rw,RT,-,P2,—
P2-57,0x2239,DRV's Parameter  P2-57,UINT,16,rw,RT,-,P2,—
P2-58,0x223A,DRV's Parameter  P2-58,UINT,16,rw,RT,-,P2,—
P2-59,0x223B,DRV's Parameter  P2-59,UINT,16,ro,T,-,P2,—
P2-60,0x223C,DRV's Parameter  P2-60,UDINT,32,rw,RT,-,P2,—
P2-61,0x223D,DRV's Parameter  P2-61,UDINT,32,rw,RT,-,P2,—
P2-62,0x223E,DRV's Parameter  P2-62,UDINT,32,rw,RT,-,P2,—
P2-63,0x223F,DRV's Parameter  P2-63,UINT,16,ro,T,-,P2,—
P2-64,0x2240,DRV's Parameter  P2-64,UINT,16,rw,RT,-,P2,—
P2-65,0x2241,DRV's Parameter  P2-65,UINT,16,rw,RT,-,P2,—
P2-66,0x2242,DRV's Parameter  P2-66,UINT,16,rw,RT,-,P2,—
P2-67,0x2243,DRV's Parameter  P2-67,UINT,16,rw,RT,-,P2,—
P2-68,0x2244,DRV's Parameter  P2-68,UINT,16,rw,RT,-,P2,—
P2-69,0x2245,DRV's Parameter  P2-69,UINT,16,rw,RT,-,P2,—
P2-70,0x2246,DRV's Parameter  P2-70,UINT,16,rw,RT,-,P2,—
P2-71,0x2247,DRV's Parameter  P2-71,UINT,16,rw,RT,-,P2,—
P2-72,0x2248,DRV's Parameter  P2-72,UINT,16,ro,T,-,P2,—
P2-73,0x2249,DRV's Parameter  P2-73,UDINT,32,ro,T,-,P2,—
P2-74,0x224A,DRV's Parameter  P2-74,UINT,16,ro,T,-,P2,—
P2-75,0x224B,DRV's Parameter  P2-75,UDINT,32,ro,T,-,P2,—
P2-76,0x224C,DRV's Parameter  P2-76,UINT,16,ro,T,-,P2,—
P2-77,0x224D,DRV's Parameter  P2-77,UINT,16,ro,T,-,P2,—
P2-78,0x224E,DRV's Parameter  P2-78,UINT,16,ro,T,-,P2,—
P2-79,0x224F,DRV's Parameter  P2-79,UINT,16,ro,T,-,P2,—
P2-80,0x2250,DRV's Parameter  P2-80,UINT,16,ro,T,-,P2,—
P2-81,0x2251,DRV's Parameter  P2-81,UINT,16,ro,T,-,P2,—
P2-82,0x2252,DRV's Parameter  P2-82,UINT,16,ro,T,-,P2,—
P2-83,0x2253,DRV's Parameter  P2-83,UDINT,32,ro,T,-,P2,—
P2-84,0x2254,DRV's Parameter  P2-84,UINT,16,ro,T,-,P2,—
P2-85,0x2255,DRV's Parameter  P2-85,UINT,16,ro,T,-,P2,—
P2-86,0x2256,DRV's Parameter  P2-86,UINT,16,ro,T,-,P2,—
P2-87,0x2257,DRV's Parameter  P2-87,UINT,16,ro,T,-,P2,—
P2-88,0x2258,DRV's Parameter  P2-88,UINT,16,ro,T,-,P2,—
P2-89,0x2259,DRV's Parameter  P2-89,UINT,16,ro,T,-,P2,—
P2-90,0x225A,DRV's Parameter  P2-90,UINT,16,ro,T,-,P2,—
P2-91,0x225B,DRV's Parameter  P2-91,UINT,16,ro,T,-,P2,—
P2-92,0x225C,DRV's Parameter  P2-92,UINT,16,ro,T,-,P2,—
P2-93,0x225D,DRV's Parameter  P2-93,UINT,16,rw,RT,-,P2,—
P2-94,0x225E,DRV's Parameter  P2-94,UINT,16,ro,T,-,P2,—
P2-95,0x225F,DRV's Parameter  P2-95,UINT,16,rw,RT,-,P2,—
P2-96,0x2260,DRV's Parameter  P2-96,UINT,16,ro,T,-,P2,—
P2-97,0x2261,DRV's Parameter  P2-97,UINT,16,rw,RT,-,P2,—
P2-98,0x2262,DRV's Parameter  P2-98,UINT,16,ro,T,-,P2,—
P2-99,0x2263,DRV's Parameter  P2-99,UINT,16,rw,RT,-,P2,—
P2-100,0x2264,DRV's Parameter  P2-100,UINT,16,ro,T,-,P2,—
P2-101,0x2265,DRV's Parameter  P2-101,UINT,16,rw,RT,-,P2,—
P2-102,0x2266,DRV's Parameter  P2-102,UINT,16,ro,T,-,P2,—
P2-103,0x2267,DRV's Parameter  P2-103,UINT,16,rw,RT,-,P2,—
P2-104,0x2268,DRV's Parameter  P2-104,UINT,16,ro,T,-,P2,—
P2-105,0x2269,DRV's Parameter  P2-105,UINT,16,rw,RT,-,P2,—
P2-106,0x226A,DRV's Parameter  P2-106,UDINT,32,ro,T,-,P2,—
P2-107,0x226B,DRV's Parameter  P2-107,UINT,16,rw,RT,-,P2,—
P2-108,0x226C,DRV's Parameter  P2-108,UINT,16,ro,T,-,P2,—
P2-109,0x226D,DRV's Parameter  P2-109,UINT,16,rw,RT,-,P2,—
P2-110,0x226E,DRV's Parameter  P2-110,UINT,16,ro,T,-,P2,—
P2-111,0x226F,DRV's Parameter  P2-111,UINT,16,rw,RT,-,P2,—
P2-112,0x2270,DRV's Parameter  P2-112,UINT,16,ro,T,-,P2,—
P2-113,0x2271,DRV's Parameter  P2-113,UINT,16,rw,RT,-,P2,—
P2-114,0x2272,DRV's Parameter  P2-114,UINT,16,ro,T,-,P2,—
P2-115,0x2273,DRV's Parameter  P2-115,UINT,16,rw,RT,-,P2,—
P2-116,0x2274,DRV's Parameter  P2-116,UINT,16,ro,T,-,P2,—
P2-117,0x2275,DRV's Parameter  P2-117,UINT,16,rw,RT,-,P2,—
P2-118,0x2276,DRV's Parameter  P2-118,UINT,16,ro,T,-,P2,—
P2-119,0x2277,DRV's Parameter  P2-119,UINT,16,rw,RT,-,P2,—
P2-120,0x2278,DRV's Parameter  P2-120,UINT,16,ro,T,-,P2,—
P2-121,0x2279,DRV's Parameter  P2-121,UDINT,32,rw,RT,-,P2,—
P2-122,0x227A,DRV's Parameter  P2-122,UINT,16,ro,T,-,P2,—
P2-123,0x227B,DRV's Parameter  P2-123,UINT,16,rw,RT,-,P2,—
P2-124,0x227C,DRV's Parameter  P2-124,UDINT,32,ro,T,-,P2,—
P2-125,0x227D,DRV's Parameter  P2-125,UINT,16,rw,RT,-,P2,—
P3-00,0x2300,DRV's Parameter  P3-00,UINT,16,rw,RT,-,P3,—
P3-01,0x2301,DRV's Parameter  P3-01,UINT,16,rw,RT,-,P3,—
P3-02,0x2302,DRV's Parameter  P3-02,UINT,16,rw,RT,-,P3,—
P3-03,0x2303,DRV's Parameter  P3-03,UINT,16,rw,RT,-,P3,—
P3-04,0x2304,DRV's Parameter  P3-04,UINT,16,rw,RT,-,P3,—
P3-05,0x2305,DRV's Parameter  P3-05,UINT,16,rw,RT,-,P3,—
P3-06,0x2306,DRV's Parameter  P3-06,UINT,16,rw,RT,-,P3,—
P3-07,0x2307,DRV's Parameter  P3-07,UINT,16,rw,RT,-,P3,—
P3-08,0x2308,DRV's Parameter  P3-08,UINT,16,rw,RT,-,P3,—
P3-09,0x2309,DRV's Parameter  P3-09,UINT,16,rw,RT,-,P3,—
P3-10,0x230A,DRV's Parameter  P3-10,UINT,16,rw,RT,-,P3,—
P3-11,0x230B,DRV's Parameter  P3-11,UINT,16,rw,RT,-,P3,—
P3-12,0x230C,DRV's Parameter  P3-12,UINT,16,rw,RT,-,P3,—
P3-13,0x230D,DRV's Parameter  P3-13,UINT,16,rw,RT,-,P3,—
P3-14,0x230E,DRV's Parameter  P3-14,UINT,16,ro,T,-,P3,—
P3-15,0x230F,DRV's Parameter  P3-15,UINT,16,ro,T,-,P3,—
P3-16,0x2310,DRV's Parameter  P3-16,UINT,16,ro,T,-,P3,—
P3-17,0x2311,DRV's Parameter  P3-17,UINT,16,ro,T,-,P3,—
P3-18,0x2312,DRV's Parameter  P3-18,UDINT,32,rw,RT,-,P3,—
P3-19,0x2313,DRV's Parameter  P3-19,UDINT,32,rw,RT,-,P3,—
P3-20,0x2314,DRV's Parameter  P3-20,UINT,16,rw,RT,-,P3,—
P3-21,0x2315,DRV's Parameter  P3-21,UINT,16,rw,RT,-,P3,—
P3-22,0x2316,DRV's Parameter  P3-22,UINT,16,rw,RT,-,P3,—
P3-23,0x2317,DRV's Parameter  P3-23,UINT,16,rw,RT,-,P3,—
P3-24,0x2318,DRV's Parameter  P3-24,UINT,16,rw,RT,-,P3,—
P3-25,0x2319,DRV's Parameter  P3-25,UINT,16,rw,RT,-,P3,—
P3-26,0x231A,DRV's Parameter  P3-26,UINT,16,rw,RT,-,P3,—
P3-27,0x231B,DRV's Parameter  P3-27,UINT,16,rw,RT,-,P3,—
P3-28,0x231C,DRV's Parameter  P3-28,UINT,16,rw,RT,-,P3,—
P3-29,0x231D,DRV's Parameter  P3-29,UINT,16,rw,RT,-,P3,—
P3-30,0x231E,DRV's Parameter  P3-30,UINT,16,rw,RT,-,P3,—
P3-31,0x231F,DRV's Parameter  P3-31,UINT,16,rw,RT,-,P3,—
P3-32,0x2320,DRV's Parameter  P3-32,UINT,16,rw,RT,-,P3,—
P3-33,0x2321,DRV's Parameter  P3-33,UINT,16,rw,RT,-,P3,—
P3-34,0x2322,DRV's Parameter  P3-34,UINT,16,rw,RT,-,P3,—
P3-35,0x2323,DRV's Parameter  P3-35,UINT,16,rw,RT,-,P3,—
P3-36,0x2324,DRV's Parameter  P3-36,UINT,16,rw,RT,-,P3,—
P3-37,0x2325,DRV's Parameter  P3-37,UINT,16,rw,RT,-,P3,—
P3-38,0x2326,DRV's Parameter  P3-38,UINT,16,rw,RT,-,P3,—
P4-00,0x2400,DRV's Parameter  P4-00,UDINT,32,ro,T,-,P4,—
P4-01,0x2401,DRV's Parameter  P4-01,UDINT,32,ro,T,-,P4,—
P4-02,0x2402,DRV's Parameter  P4-02,UDINT,32,ro,T,-,P4,—
P4-03,0x2403,DRV's Parameter  P4-03,UDINT,32,ro,T,-,P4,—
P4-04,0x2404,DRV's Parameter  P4-04,UDINT,32,ro,T,-,P4,—
P4-05,0x2405,DRV's Parameter  P4-05,UINT,16,rw,RT,-,P4,—
P4-06,0x2406,DRV's Parameter  P4-06,UINT,16,rw,RT,-,P4,—
P4-07,0x2407,DRV's Parameter  P4-07,UINT,16,rw,RT,-,P4,—
P4-08,0x2408,DRV's Parameter  P4-08,UINT,16,ro,T,-,P4,—
P4-09,0x2409,DRV's Parameter  P4-09,UINT,16,ro,T,-,P4,—
P4-10,0x240A,DRV's Parameter  P4-10,UINT,16,rw,RT,-,P4,—
P4-11,0x240B,DRV's Parameter  P4-11,UINT,16,rw,RT,-,P4,—
P4-12,0x240C,DRV's Parameter  P4-12,UINT,16,rw,RT,-,P4,—
P4-13,0x240D,DRV's Parameter  P4-13,UINT,16,rw,RT,-,P4,—
P4-14,0x240E,DRV's Parameter  P4-14,UINT,16,rw,RT,-,P4,—
P4-15,0x240F,DRV's Parameter  P4-15,UINT,16,rw,RT,-,P4,—
P4-16,0x2410,DRV's Parameter  P4-16,UINT,16,rw,RT,-,P4,—
P4-17,0x2411,DRV's Parameter  P4-17,UINT,16,rw,RT,-,P4,—
P4-18,0x2412,DRV's Parameter  P4-18,UINT,16,rw,RT,-,P4,—
P4-19,0x2413,DRV's Parameter  P4-19,UINT,16,rw,RT,-,P4,—
P4-20,0x2414,DRV's Parameter  P4-20,UINT,16,rw,RT,-,P4,—
P4-21,0x2415,DRV's Parameter  P4-21,UINT,16,rw,RT,-,P4,—
P4-22,0x2416,DRV's Parameter  P4-22,UINT,16,rw,RT,-,P4,—
P4-23,0x2417,DRV's Parameter  P4-23,UINT,16,rw,RT,-,P4,—
P4-24,0x2418,DRV's Parameter  P4-24,UINT,16,rw,RT,-,P4,—
P5-00,0x2500,DRV's Parameter  P5-00,UDINT,32,ro,T,-,P5,—
P5-01,0x2501,DRV's Parameter  P5-01,UINT,16,rw,RT,-,P5,—
P5-02,0x2502,DRV's Parameter  P5-02,UINT,16,rw,RT,-,P5,—
P5-03,0x2503,DRV's Parameter  P5-03,UDINT,32,rw,RT,-,P5,—
P5-04,0x2504,DRV's Parameter  P5-04,UINT,16,rw,RT,-,P5,—
P5-05,0x2505,DRV's Parameter  P5-05,UDINT,32,rw,RT,-,P5,—
P5-06,0x2506,DRV's Parameter  P5-06,UDINT,32,rw,RT,-,P5,—
P5-07,0x2507,DRV's Parameter  P5-07,UINT,16,rw,RT,-,P5,—
P5-08,0x2508,DRV's Parameter  P5-08,UDINT,32,rw,RT,-,P5,—
P5-09,0x2509,DRV's Parameter  P5-09,UDINT,32,rw,RT,-,P5,—
P5-10,0x250A,DRV's Parameter  P5-10,UINT,16,ro,T,-,P5,—
P5-11,0x250B,DRV's Parameter  P5-11,UINT,16,rw,RT,-,P5,—
P5-12,0x250C,DRV's Parameter  P5-12,UDINT,32,rw,RT,-,P5,—
P5-13,0x250D,DRV's Parameter  P5-13,UDINT,32,rw,RT,-,P5,—
P5-14,0x250E,DRV's Parameter  P5-14,UINT,16,ro,T,-,P5,—
P5-15,0x250F,DRV's Parameter  P5-15,UINT,16,rw,RT,-,P5,—
P5-16,0x2510,DRV's Parameter  P5-16,UDINT,32,rw,RT,-,P5,—
P5-17,0x2511,DRV's Parameter  P5-17,UDINT,32,rw,RT,-,P5,—
P5-18,0x2512,DRV's Parameter  P5-18,UDINT,32,rw,RT,-,P5,—
P5-19,0x2513,DRV's Parameter  P5-19,UDINT,32,rw,RT,-,P5,—
P5-20,0x2514,DRV's Parameter  P5-20,UINT,16,rw,RT,-,P5,—
P5-21,0x2515,DRV's Parameter  P5-21,UINT,16,rw,RT,-,P5,—
P5-22,0x2516,DRV's Parameter  P5-22,UINT,16,rw,RT,-,P5,—
P5-23,0x2517,DRV's Parameter  P5-23,UINT,16,rw,RT,-,P5,—
P5-24,0x2518,DRV's Parameter  P5-24,UINT,16,rw,RT,-,P5,—
P5-25,0x2519,DRV's Parameter  P5-25,UINT,16,rw,RT,-,P5,—
P5-26,0x251A,DRV's Parameter  P5-26,UINT,16,rw,RT,-,P5,—
P5-27,0x251B,DRV's Parameter  P5-27,UINT,16,rw,RT,-,P5,—
P5-28,0x251C,DRV's Parameter  P5-28,UINT,16,rw,RT,-,P5,—
P5-29,0x251D,DRV's Parameter  P5-29,UINT,16,rw,RT,-,P5,—
P5-30,0x251E,DRV's Parameter  P5-30,UINT,16,rw,RT,-,P5,—
P5-31,0x251F,DRV's Parameter  P5-31,UINT,16,rw,RT,-,P5,—
P5-32,0x2520,DRV's Parameter  P5-32,UINT,16,rw,RT,-,P5,—
P5-33,0x2521,DRV's Parameter  P5-33,UINT,16,rw,RT,-,P5,—
P5-34,0x2522,DRV's Parameter  P5-34,UINT,16,rw,RT,-,P5,—
P5-35,0x2523,DRV's Parameter  P5-35,UINT,16,rw,RT,-,P5,—
P5-36,0x2524,DRV's Parameter  P5-36,UINT,16,rw,RT,-,P5,—
P5-37,0x2525,DRV's Parameter  P5-37,UDINT,32,rw,RT,-,P5,—
P5-38,0x2526,DRV's Parameter  P5-38,UINT,16,rw,RT,-,P5,—
P5-39,0x2527,DRV's Parameter  P5-39,UINT,16,rw,RT,-,P5,—
P5-40,0x2528,DRV's Parameter  P5-40,UINT,16,rw,RT,-,P5,—
P5-41,0x2529,DRV's Parameter  P5-41,UINT,16,rw,RT,-,P5,—
P5-42,0x252A,DRV's Parameter  P5-42,UINT,16,rw,RT,-,P5,—
P5-43,0x252B,DRV's Parameter  P5-43,UINT,16,rw,RT,-,P5,—
P5-44,0x252C,DRV's Parameter  P5-44,UINT,16,rw,RT,-,P5,—
P5-45,0x252D,DRV's Parameter  P5-45,UINT,16,rw,RT,-,P5,—
P5-46,0x252E,DRV's Parameter  P5-46,UINT,16,rw,RT,-,P5,—
P5-47,0x252F,DRV's Parameter  P5-47,UINT,16,rw,RT,-,P5,—
P5-48,0x2530,DRV's Parameter  P5-48,UINT,16,rw,RT,-,P5,—
P5-49,0x2531,DRV's Parameter  P5-49,UINT,16,rw,RT,-,P5,—
P5-50,0x2532,DRV's Parameter  P5-50,UINT,16,rw,RT,-,P5,—
P5-51,0x2533,DRV's Parameter  P5-51,UINT,16,rw,RT,-,P5,—
P5-52,0x2534,DRV's Parameter  P5-52,UINT,16,rw,RT,-,P5,—
P5-53,0x2535,DRV's Parameter  P5-53,UINT,16,rw,RT,-,P5,—
P5-54,0x2536,DRV's Parameter  P5-54,UINT,16,rw,RT,-,P5,—
P5-55,0x2537,DRV's Parameter  P5-55,UINT,16,rw,RT,-,P5,—
P5-56,0x2538,DRV's Parameter  P5-56,UINT,16,rw,RT,-,P5,—
P5-57,0x2539,DRV's Parameter  P5-57,UDINT,32,rw,RT,-,P5,—
P5-58,0x253A,DRV's Parameter  P5-58,UINT,16,rw,RT,-,P5,—
P5-59,0x253B,DRV's Parameter  P5-59,UDINT,32,rw,RT,-,P5,—
P5-60,0x253C,DRV's Parameter  P5-60,UDINT,32,rw,RT,-,P5,—
P5-61,0x253D,DRV's Parameter  P5-61,UDINT,32,rw,RT,-,P5,—
P5-62,0x253E,DRV's Parameter  P5-62,UDINT,32,rw,RT,-,P5,—
P5-63,0x253F,DRV's Parameter  P5-63,UDINT,32,rw,RT,-,P5,—
P5-64,0x2540,DRV's Parameter  P5-64,UDINT,32,rw,RT,-,P5,—
P5-65,0x2541,DRV's Parameter  P5-65,UDINT,32,rw,RT,-,P5,—
P5-66,0x2542,DRV's Parameter  P5-66,UDINT,32,rw,RT,-,P5,—
P5-67,0x2543,DRV's Parameter  P5-67,UDINT,32,rw,RT,-,P5,—
P5-68,0x2544,DRV's Parameter  P5-68,UDINT,32,rw,RT,-,P5,—
P5-69,0x2545,DRV's Parameter  P5-69,UDINT,32,rw,RT,-,P5,—
P5-70,0x2546,DRV's Parameter  P5-70,UDINT,32,rw,RT,-,P5,—
P5-71,0x2547,DRV's Parameter  P5-71,UDINT,32,rw,RT,-,P5,—
P5-72,0x2548,DRV's Parameter  P5-72,UDINT,32,rw,RT,-,P5,—
P5-73,0x2549,DRV's Parameter  P5-73,UDINT,32,rw,RT,-,P5,—
P5-74,0x254A,DRV's Parameter  P5-74,UDINT,32,rw,RT,-,P5,—
P5-75,0x254B,DRV's Parameter  P5-75,UDINT,32,rw,RT,-,P5,—
P5-76,0x254C,DRV's Parameter  P5-76,UDINT,32,rw,RT,-,P5,—
P5-77,0x254D,DRV's Parameter  P5-77,UDINT,32,rw,RT,-,P5,—
P5-78,0x254E,DRV's Parameter  P5-78,UDINT,32,rw,RT,-,P5,—
P5-79,0x254F,DRV's Parameter  P5-79,UDINT,32,rw,RT,-,P5,—
P5-80,0x2550,DRV's Parameter  P5-80,UINT,16,rw,RT,-,P5,—
P5-81,0x2551,DRV's Parameter  P5-81,UINT,16,rw,RT,-,P5,—
P5-82,0x2552,DRV's Parameter  P5-82,UINT,16,rw,RT,-,P5,—
P5-83,0x2553,DRV's Parameter  P5-83,UINT,16,rw,RT,-,P5,—
P5-84,0x2554,DRV's Parameter  P5-84,UDINT,32,rw,RT,-,P5,—
P5-85,0x2555,DRV's Parameter  P5-85,UINT,16,rw,RT,-,P5,—
P5-86,0x2556,DRV's Parameter  P5-86,UDINT,32,rw,RT,-,P5,—
P5-87,0x2557,DRV's Parameter  P5-87,UDINT,32,rw,RT,-,P5,—
P5-88,0x2558,DRV's Parameter  P5-88,UDINT,32,rw,RT,-,P5,—
P5-89,0x2559,DRV's Parameter  P5-89,UDINT,32,rw,RT,-,P5,—
P5-90,0x255A,DRV's Parameter  P5-90,UINT,16,rw,RT,-,P5,—
P5-91,0x255B,DRV's Parameter  P5-91,UINT,16,rw,RT,-,P5,—
P5-92,0x255C,DRV's Parameter  P5-92,UDINT,32,rw,RT,-,P5,—
P5-93,0x255D,DRV's Parameter  P5-93,UDINT,32,rw,RT,-,P5,—
P5-94,0x255E,DRV's Parameter  P5-94,UDINT,32,rw,RT,-,P5,—
P5-95,0x255F,DRV's Parameter  P5-95,UDINT,32,rw,RT,-,P5,—
P5-96,0x2560,DRV's Parameter  P5-96,UDINT,32,rw,RT,-,P5,—
P5-97,0x2561,DRV's Parameter  P5-97,UINT,16,rw,RT,-,P5,—
P5-98,0x2562,DRV's Parameter  P5-98,UINT,16,rw,RT,-,P5,—
P5-99,0x2563,DRV's Parameter  P5-99,UINT,16,rw,RT,-,P5,—
P5-100,0x2564,DRV's Parameter  P5-100,UDINT,32,rw,RT,-,P5,—
P5-101,0x2565,DRV's Parameter  P5-101,UDINT,32,rw,RT,-,P5,—
P5-102,0x2566,DRV's Parameter  P5-102,UDINT,32,rw,RT,-,P5,—
P5-103,0x2567,DRV's Parameter  P5-103,UDINT,32,rw,RT,-,P5,—
P5-104,0x2568,DRV's Parameter  P5-104,UDINT,32,rw,RT,-,P5,—
P5-105,0x2569,DRV's Parameter  P5-105,UDINT,32,rw,RT,-,P5,—
P5-106,0x256A,DRV's Parameter  P5-106,UDINT,32,rw,RT,-,P5,—
P6-00,0x2600,DRV's Parameter  P6-00,UDINT,32,rw,RT,-,P6,—
P6-01,0x2601,DRV's Parameter  P6-01,UDINT,32,rw,RT,-,P6,—
P6-02,0x2602,DRV's Parameter  P6-02,UDINT,32,rw,RT,-,P6,—
P6-03,0x2603,DRV's Parameter  P6-03,UDINT,32,rw,RT,-,P6,—
P6-04,0x2604,DRV's Parameter  P6-04,UDINT,32,rw,RT,-,P6,—
P6-05,0x2605,DRV's Parameter  P6-05,UDINT,32,rw,RT,-,P6,—
P6-06,0x2606,DRV's Parameter  P6-06,UDINT,32,rw,RT,-,P6,—
P6-07,0x2607,DRV's Parameter  P6-07,UDINT,32,rw,RT,-,P6,—
P6-08,0x2608,DRV's Parameter  P6-08,UDINT,32,rw,RT,-,P6,—
P6-09,0x2609,DRV's Parameter  P6-09,UDINT,32,rw,RT,-,P6,—
P6-10,0x260A,DRV's Parameter  P6-10,UDINT,32,rw,RT,-,P6,—
P6-11,0x260B,DRV's Parameter  P6-11,UDINT,32,rw,RT,-,P6,—
P6-12,0x260C,DRV's Parameter  P6-12,UDINT,32,rw,RT,-,P6,—
P6-13,0x260D,DRV's Parameter  P6-13,UDINT,32,rw,RT,-,P6,—
P6-14,0x260E,DRV's Parameter  P6-14,UDINT,32,rw,RT,-,P6,—
P6-15,0x260F,DRV's Parameter  P6-15,UDINT,32,rw,RT,-,P6,—
P6-16,0x2610,DRV's Parameter  P6-16,UDINT,32,rw,RT,-,P6,—
P6-17,0x2611,DRV's Parameter  P6-17,UDINT,32,rw,RT,-,P6,—
P6-18,0x2612,DRV's Parameter  P6-18,UDINT,32,rw,RT,-,P6,—
P6-19,0x2613,DRV's Parameter  P6-19,UDINT,32,rw,RT,-,P6,—
P6-20,0x2614,DRV's Parameter  P6-20,UDINT,32,rw,RT,-,P6,—
P6-21,0x2615,DRV's Parameter  P6-21,UDINT,32,rw,RT,-,P6,—
P6-22,0x2616,DRV's Parameter  P6-22,UDINT,32,rw,RT,-,P6,—
P6-23,0x2617,DRV's Parameter  P6-23,UDINT,32,rw,RT,-,P6,—
P6-24,0x2618,DRV's Parameter  P6-24,UDINT,32,rw,RT,-,P6,—
P6-25,0x2619,DRV's Parameter  P6-25,UDINT,32,rw,RT,-,P6,—
P6-26,0x261A,DRV's Parameter  P6-26,UDINT,32,rw,RT,-,P6,—
P6-27,0x261B,DRV's Parameter  P6-27,UDINT,32,rw,RT,-,P6,—
P6-28,0x261C,DRV's Parameter  P6-28,UDINT,32,rw,RT,-,P6,—
P6-29,0x261D,DRV's Parameter  P6-29,UDINT,32,rw,RT,-,P6,—
P6-30,0x261E,DRV's Parameter  P6-30,UDINT,32,rw,RT,-,P6,—
P6-31,0x261F,DRV's Parameter  P6-31,UDINT,32,rw,RT,-,P6,—
P6-32,0x2620,DRV's Parameter  P6-32,UDINT,32,rw,RT,-,P6,—
P6-33,0x2621,DRV's Parameter  P6-33,UDINT,32,rw,RT,-,P6,—
P6-34,0x2622,DRV's Parameter  P6-34,UDINT,32,rw,RT,-,P6,—
P6-35,0x2623,DRV's Parameter  P6-35,UDINT,32,rw,RT,-,P6,—
P6-36,0x2624,DRV's Parameter  P6-36,UDINT,32,rw,RT,-,P6,—
P6-37,0x2625,DRV's Parameter  P6-37,UDINT,32,rw,RT,-,P6,—
P6-38,0x2626,DRV's Parameter  P6-38,UDINT,32,rw,RT,-,P6,—
P6-39,0x2627,DRV's Parameter  P6-39,UDINT,32,rw,RT,-,P6,—
P6-40,0x2628,DRV's Parameter  P6-40,UDINT,32,rw,RT,-,P6,—
P6-41,0x2629,DRV's Parameter  P6-41,UDINT,32,rw,RT,-,P6,—
P6-42,0x262A,DRV's Parameter  P6-42,UDINT,32,rw,RT,-,P6,—
P6-43,0x262B,DRV's Parameter  P6-43,UDINT,32,rw,RT,-,P6,—
P6-44,0x262C,DRV's Parameter  P6-44,UDINT,32,rw,RT,-,P6,—
P6-45,0x262D,DRV's Parameter  P6-45,UDINT,32,rw,RT,-,P6,—
P6-46,0x262E,DRV's Parameter  P6-46,UDINT,32,rw,RT,-,P6,—
P6-47,0x262F,DRV's Parameter  P6-47,UDINT,32,rw,RT,-,P6,—
P6-48,0x2630,DRV's Parameter  P6-48,UDINT,32,rw,RT,-,P6,—
P6-49,0x2631,DRV's Parameter  P6-49,UDINT,32,rw,RT,-,P6,—
P6-50,0x2632,DRV's Parameter  P6-50,UDINT,32,rw,RT,-,P6,—
P6-51,0x2633,DRV's Parameter  P6-51,UDINT,32,rw,RT,-,P6,—
P6-52,0x2634,DRV's Parameter  P6-52,UDINT,32,rw,RT,-,P6,—
P6-53,0x2635,DRV's Parameter  P6-53,UDINT,32,rw,RT,-,P6,—
P6-54,0x2636,DRV's Parameter  P6-54,UDINT,32,rw,RT,-,P6,—
P6-55,0x2637,DRV's Parameter  P6-55,UDINT,32,rw,RT,-,P6,—
P6-56,0x2638,DRV's Parameter  P6-56,UDINT,32,rw,RT,-,P6,—
P6-57,0x2639,DRV's Parameter  P6-57,UDINT,32,rw,RT,-,P6,—
P6-58,0x263A,DRV's Parameter  P6-58,UDINT,32,rw,RT,-,P6,—
P6-59,0x263B,DRV's Parameter  P6-59,UDINT,32,rw,RT,-,P6,—
P6-60,0x263C,DRV's Parameter  P6-60,UDINT,32,rw,RT,-,P6,—
P6-61,0x263D,DRV's Parameter  P6-61,UDINT,32,rw,RT,-,P6,—
P6-62,0x263E,DRV's Parameter  P6-62,UDINT,32,rw,RT,-,P6,—
P6-63,0x263F,DRV's Parameter  P6-63,UDINT,32,rw,RT,-,P6,—
P6-64,0x2640,DRV's Parameter  P6-64,UDINT,32,rw,RT,-,P6,—
P6-65,0x2641,DRV's Parameter  P6-65,UDINT,32,rw,RT,-,P6,—
P6-66,0x2642,DRV's Parameter  P6-66,UDINT,32,rw,RT,-,P6,—
P6-67,0x2643,DRV's Parameter  P6-67,UDINT,32,rw,RT,-,P6,—
P6-68,0x2644,DRV's Parameter  P6-68,UDINT,32,rw,RT,-,P6,—
P6-69,0x2645,DRV's Parameter  P6-69,UDINT,32,rw,RT,-,P6,—
P6-70,0x2646,DRV's Parameter  P6-70,UDINT,32,rw,RT,-,P6,—
P6-71,0x2647,DRV's Parameter  P6-71,UDINT,32,rw,RT,-,P6,—
P6-72,0x2648,DRV's Parameter  P6-72,UDINT,32,rw,RT,-,P6,—
P6-73,0x2649,DRV's Parameter  P6-73,UDINT,32,rw,RT,-,P6,—
P6-74,0x264A,DRV's Parameter  P6-74,UDINT,32,rw,RT,-,P6,—
P6-75,0x264B,DRV's Parameter  P6-75,UDINT,32,rw,RT,-,P6,—
P6-76,0x264C,DRV's Parameter  P6-76,UDINT,32,rw,RT,-,P6,—
P6-77,0x264D,DRV's Parameter  P6-77,UDINT,32,rw,RT,-,P6,—
P6-78,0x264E,DRV's Parameter  P6-78,UDINT,32,rw,RT,-,P6,—
P6-79,0x264F,DRV's Parameter  P6-79,UDINT,32,rw,RT,-,P6,—
P6-80,0x2650,DRV's Parameter  P6-80,UDINT,32,rw,RT,-,P6,—
P6-81,0x2651,DRV's Parameter  P6-81,UDINT,32,rw,RT,-,P6,—
P6-82,0x2652,DRV's Parameter  P6-82,UDINT,32,rw,RT,-,P6,—
P6-83,0x2653,DRV's Parameter  P6-83,UDINT,32,rw,RT,-,P6,—
P6-84,0x2654,DRV's Parameter  P6-84,UDINT,32,rw,RT,-,P6,—
P6-85,0x2655,DRV's Parameter  P6-85,UDINT,32,rw,RT,-,P6,—
P6-86,0x2656,DRV's Parameter  P6-86,UDINT,32,rw,RT,-,P6,—
P6-87,0x2657,DRV's Parameter  P6-87,UDINT,32,rw,RT,-,P6,—
P6-88,0x2658,DRV's Parameter  P6-88,UDINT,32,rw,RT,-,P6,—
P6-89,0x2659,DRV's Parameter  P6-89,UDINT,32,rw,RT,-,P6,—
P6-90,0x265A,DRV's Parameter  P6-90,UDINT,32,rw,RT,-,P6,—
P6-91,0x265B,DRV's Parameter  P6-91,UDINT,32,rw,RT,-,P6,—
P6-92,0x265C,DRV's Parameter  P6-92,UDINT,32,rw,RT,-,P6,—
P6-93,0x265D,DRV's Parameter  P6-93,UDINT,32,rw,RT,-,P6,—
P6-94,0x265E,DRV's Parameter  P6-94,UDINT,32,rw,RT,-,P6,—
P6-95,0x265F,DRV's Parameter  P6-95,UDINT,32,rw,RT,-,P6,—
P6-96,0x2660,DRV's Parameter  P6-96,UDINT,32,rw,RT,-,P6,—
P6-97,0x2661,DRV's Parameter  P6-97,UDINT,32,rw,RT,-,P6,—
P6-98,0x2662,DRV's Parameter  P6-98,UDINT,32,rw,RT,-,P6,—
P6-99,0x2663,DRV's Parameter  P6-99,UDINT,32,rw,RT,-,P6,—
P7-00,0x2700,DRV's Parameter  P7-00,UDINT,32,rw,RT,-,P7,—
P7-01,0x2701,DRV's Parameter  P7-01,UDINT,32,rw,RT,-,P7,—
P7-02,0x2702,DRV's Parameter  P7-02,UDINT,32,rw,RT,-,P7,—
P7-03,0x2703,DRV's Parameter  P7-03,UDINT,32,rw,RT,-,P7,—
P7-04,0x2704,DRV's Parameter  P7-04,UDINT,32,rw,RT,-,P7,—
P7-05,0x2705,DRV's Parameter  P7-05,UDINT,32,rw,RT,-,P7,—
P7-06,0x2706,DRV's Parameter  P7-06,UDINT,32,rw,RT,-,P7,—
P7-07,0x2707,DRV's Parameter  P7-07,UDINT,32,rw,RT,-,P7,—
P7-08,0x2708,DRV's Parameter  P7-08,UDINT,32,rw,RT,-,P7,—
P7-09,0x2709,DRV's Parameter  P7-09,UDINT,32,rw,RT,-,P7,—
P7-10,0x270A,DRV's Parameter  P7-10,UDINT,32,rw,RT,-,P7,—
P7-11,0x270B,DRV's Parameter  P7-11,UDINT,32,rw,RT,-,P7,—
P7-12,0x270C,DRV's Parameter  P7-12,UDINT,32,rw,RT,-,P7,—
P7-13,0x270D,DRV's Parameter  P7-13,UDINT,32,rw,RT,-,P7,—
P7-14,0x270E,DRV's Parameter  P7-14,UDINT,32,rw,RT,-,P7,—
P7-15,0x270F,DRV's Parameter  P7-15,UDINT,32,rw,RT,-,P7,—
P7-16,0x2710,DRV's Parameter  P7-16,UDINT,32,rw,RT,-,P7,—
P7-17,0x2711,DRV's Parameter  P7-17,UDINT,32,rw,RT,-,P7,—
P7-18,0x2712,DRV's Parameter  P7-18,UDINT,32,rw,RT,-,P7,—
P7-19,0x2713,DRV's Parameter  P7-19,UDINT,32,rw,RT,-,P7,—
P7-20,0x2714,DRV's Parameter  P7-20,UDINT,32,rw,RT,-,P7,—
P7-21,0x2715,DRV's Parameter  P7-21,UDINT,32,rw,RT,-,P7,—
P7-22,0x2716,DRV's Parameter  P7-22,UDINT,32,rw,RT,-,P7,—
P7-23,0x2717,DRV's Parameter  P7-23,UDINT,32,rw,RT,-,P7,—
P7-24,0x2718,DRV's Parameter  P7-24,UDINT,32,rw,RT,-,P7,—
P7-25,0x2719,DRV's Parameter  P7-25,UDINT,32,rw,RT,-,P7,—
P7-26,0x271A,DRV's Parameter  P7-26,UDINT,32,rw,RT,-,P7,—
P7-27,0x271B,DRV's Parameter  P7-27,UDINT,32,rw,RT,-,P7,—
